id,sequence,proxy_score,plddt,dist_nc,muH,net_charge,cys_count,e_initial,e_final,delta_e,rmsd,n_atoms,converged,relaxed_pdb,rank_proxy,rank_physics
seq_39,TTDASPTPPSGSPARPAASGRRL,3.390743541799762,0.7988,37.44636,0.9023887083599524,0.32,0,462.94,-3748.61,-4211.55,0.795,486,True,outputs/relaxed_pdbs/seq_39_relaxed.pdb,1,4
seq_7,DQQKIAILIDAENACQSRIDDVL,1.8029380803942407,0.8065217391304347,37.730186,0.5905876160788482,0.1739130434782608,1,228.8,-4199.07,-4427.87,0.954,421,True,outputs/relaxed_pdbs/seq_7_relaxed.pdb,2,2
seq_32,STCPSCCSPIRPHQRFFCS,1.6614628588837808,0.7195652173913044,38.727547,0.5818577891680605,0.1304347826086956,4,3930.1,-2519.75,-6449.86,0.984,392,True,outputs/relaxed_pdbs/seq_32_relaxed.pdb,3,6
seq_27,YLLFVLIFISLFLVLLYSIKNKK,1.4234161315245737,0.7934782608695655,39.268177,0.5151180089136103,0.217391304347826,0,1489.44,-2139.37,-3628.81,0.886,423,True,outputs/relaxed_pdbs/seq_27_relaxed.pdb,4,9
seq_16,EIHLLKSLSNILKISDKEILDLL,1.2154469054229584,0.6956521739130435,43.046345,0.4930893810845916,0.217391304347826,0,1235.37,-2472.62,-3707.98,0.937,378,True,outputs/relaxed_pdbs/seq_16_relaxed.pdb,5,7
seq_48,SASSSQATAAAATAAAANAAATAAAN,1.1282129590174623,0.7977272727272726,34.33389,0.4615516827125834,0.0909090909090909,0,777.67,-2623.16,-3400.82,0.806,328,True,outputs/relaxed_pdbs/seq_48_relaxed.pdb,6,5
seq_20,HRTVRLAGASLAVLAAAAVPAAAGPAS,1.1171037537722648,0.8817391304347827,33.482204,0.4405511855370617,0.1304347826086956,0,1018.01,-2472.3,-3490.31,0.712,429,True,outputs/relaxed_pdbs/seq_20_relaxed.pdb,7,8
seq_25,NRIVLLSFAILILACGSNKSNQ,0.7761323475433319,0.7421739130434782,41.40915,0.4024438608130142,0.0869565217391304,1,601.46,-3916.34,-4517.8,1.143,363,True,outputs/relaxed_pdbs/seq_25_relaxed.pdb,8,3
seq_0,PTDPRARLRHLLEQDAPLAVAVD,0.7622630788371767,0.7378260869565217,30.248642,0.4070613114196092,-0.0434782608695652,0,-319.2,-4590.83,-4271.63,0.923,364,True,outputs/relaxed_pdbs/seq_0_relaxed.pdb,9,1
seq_37,SKILIIEDEKDLRELLKYNLEFYGYES,0.7374415646965624,0.7995833333333332,47.7223,0.3771549796059792,0.2083333333333333,0,2438.71,-1668.43,-4107.14,0.742,411,True,outputs/relaxed_pdbs/seq_37_relaxed.pdb,10,10
